Entity,Code,Year,"Suicide mortality rate per 100,000 population",Continent
Egypt,EGY,2005,3.1,Africa
Benin,BEN,2006,8.6,Africa
Botswana,BWA,2006,32,Africa
Cameroon,CMR,2006,11.7,Africa
Chad,TCD,2006,7.5,Africa
Ghana,GHA,2006,7,Africa
Kenya,KEN,2006,6,Africa
Madagascar,MDG,2006,5.8,Africa
Malawi,MWI,2006,7.5,Africa
Mali,MLI,2006,4.5,Africa
Mozambique,MOZ,2006,12.6,Africa
Niger,NER,2006,5.2,Africa
Nigeria,NGA,2006,4.7,Africa
Rwanda,RWA,2006,8.4,Africa
Senegal,SEN,2006,7,Africa
Sierra Leone,SLE,2006,6.5,Africa
South Africa,ZAF,2006,23.6,Africa
Tanzania,TZA,2006,5.3,Africa
Togo,TGO,2006,11,Africa
Uganda,UGA,2006,9.4,Africa
Zambia,ZMB,2006,11.7,Africa
Zimbabwe,ZWE,2006,14.4,Africa
Cameroon,CMR,2007,11.4,Africa
Central African Republic,CAF,2007,15.4,Africa
Chad,TCD,2007,7.7,Africa
Egypt,EGY,2007,3.1,Africa
Ghana,GHA,2007,7.2,Africa
Kenya,KEN,2007,6.3,Africa
Liberia,LBR,2007,4.9,Africa
Malawi,MWI,2007,7.8,Africa
Mauritania,MRT,2007,3.2,Africa
Mozambique,MOZ,2007,12.6,Africa
Namibia,NAM,2007,17.3,Africa
Niger,NER,2007,5.3,Africa
Nigeria,NGA,2007,4.7,Africa
Senegal,SEN,2007,6.7,Africa
Sierra Leone,SLE,2007,6.4,Africa
South Africa,ZAF,2007,24.6,Africa
Tanzania,TZA,2007,5.4,Africa
Uganda,UGA,2007,8,Africa
Zambia,ZMB,2007,10.3,Africa
Zimbabwe,ZWE,2007,17.2,Africa
Benin,BEN,2008,8.2,Africa
Botswana,BWA,2008,28.4,Africa
Burundi,BDI,2008,7.9,Africa
Cameroon,CMR,2008,11.2,Africa
Chad,TCD,2008,7.5,Africa
Congo,COG,2008,8.9,Africa
Djibouti,DJI,2008,7.6,Africa
Egypt,EGY,2008,3.1,Africa
Ghana,GHA,2008,7.5,Africa
Kenya,KEN,2008,6.2,Africa
Liberia,LBR,2008,4.8,Africa
Madagascar,MDG,2008,5.7,Africa
Mali,MLI,2008,4.6,Africa
Mauritania,MRT,2008,3.1,Africa
Mozambique,MOZ,2008,13.5,Africa
Niger,NER,2008,5.2,Africa
Nigeria,NGA,2008,4.6,Africa
Rwanda,RWA,2008,7.5,Africa
Senegal,SEN,2008,6.8,Africa
Sierra Leone,SLE,2008,6.5,Africa
South Africa,ZAF,2008,26.7,Africa
Tanzania,TZA,2008,5.8,Africa
Togo,TGO,2008,10.8,Africa
Uganda,UGA,2008,7.1,Africa
Zambia,ZMB,2008,9.7,Africa
Zimbabwe,ZWE,2008,20.1,Africa
Burundi,BDI,2009,7.7,Africa
Cameroon,CMR,2009,11.1,Africa
Chad,TCD,2009,7.6,Africa
Comoros,COM,2009,5,Africa
Djibouti,DJI,2009,7.8,Africa
Egypt,EGY,2009,3.1,Africa
Ghana,GHA,2009,7.6,Africa
Kenya,KEN,2009,6,Africa
Malawi,MWI,2009,8,Africa
Mali,MLI,2009,4.6,Africa
Mauritania,MRT,2009,3.1,Africa
Niger,NER,2009,5.3,Africa
Nigeria,NGA,2009,4.5,Africa
Rwanda,RWA,2009,7,Africa
Senegal,SEN,2009,6.7,Africa
South Africa,ZAF,2009,26.7,Africa
Sudan,SDN,2009,4.1,Africa
Tanzania,TZA,2009,5.5,Africa
Tunisia,TUN,2009,3.5,Africa
Uganda,UGA,2009,6.8,Africa
Zambia,ZMB,2009,9.8,Africa
Zimbabwe,ZWE,2009,22.2,Africa
Algeria,DZA,2010,3,Africa
Botswana,BWA,2010,24.4,Africa
Cameroon,CMR,2010,10.8,Africa
Central African Republic,CAF,2010,15.8,Africa
Chad,TCD,2010,7.7,Africa
Comoros,COM,2010,5.6,Africa
Djibouti,DJI,2010,8.2,Africa
Egypt,EGY,2010,3.2,Africa
Ghana,GHA,2010,7.8,Africa
Kenya,KEN,2010,6,Africa
Liberia,LBR,2010,4.9,Africa
Mali,MLI,2010,4.5,Africa
Mauritania,MRT,2010,3.1,Africa
Morocco,MAR,2010,9.2,Africa
Niger,NER,2010,5.3,Africa
Nigeria,NGA,2010,4.4,Africa
Senegal,SEN,2010,6.6,Africa
Sierra Leone,SLE,2010,6.8,Africa
South Africa,ZAF,2010,24.6,Africa
Sudan,SDN,2010,4,Africa
Tanzania,TZA,2010,5,Africa
Tunisia,TUN,2010,3.5,Africa
Uganda,UGA,2010,6.3,Africa
Zimbabwe,ZWE,2010,21.5,Africa
Algeria,DZA,2011,3,Africa
Angola,AGO,2011,6.6,Africa
Benin,BEN,2011,8.5,Africa
Botswana,BWA,2011,22.7,Africa
Burundi,BDI,2011,7.4,Africa
Cameroon,CMR,2011,10.8,Africa
Central African Republic,CAF,2011,15.4,Africa
Chad,TCD,2011,7.7,Africa
Comoros,COM,2011,5.1,Africa
Congo,COG,2011,8.7,Africa
Djibouti,DJI,2011,8.5,Africa
Egypt,EGY,2011,3.3,Africa
Gabon,GAB,2011,10,Africa
Ghana,GHA,2011,7.8,Africa
Guinea,GIN,2011,7,Africa
Kenya,KEN,2011,5.9,Africa
Lesotho,LSO,2011,69.5,Africa
Madagascar,MDG,2011,5.7,Africa
Malawi,MWI,2011,7.3,Africa
Mali,MLI,2011,4.5,Africa
Mauritania,MRT,2011,3,Africa
Mauritius,MUS,2011,9,Africa
Morocco,MAR,2011,9.2,Africa
Mozambique,MOZ,2011,15.3,Africa
Niger,NER,2011,5.4,Africa
Rwanda,RWA,2011,6.2,Africa
Senegal,SEN,2011,6.5,Africa
Sierra Leone,SLE,2011,6.5,Africa
South Africa,ZAF,2011,22.4,Africa
Sudan,SDN,2011,4.1,Africa
Tanzania,TZA,2011,4.8,Africa
Togo,TGO,2011,10.4,Africa
Tunisia,TUN,2011,3.4,Africa
Uganda,UGA,2011,6.3,Africa
Zambia,ZMB,2011,10.3,Africa
Zimbabwe,ZWE,2011,20.7,Africa
Algeria,DZA,2012,2.9,Africa
Angola,AGO,2012,6.9,Africa
Benin,BEN,2012,8.3,Africa
Botswana,BWA,2012,22.6,Africa
Cameroon,CMR,2012,10.6,Africa
Chad,TCD,2012,7.6,Africa
Comoros,COM,2012,5.2,Africa
Congo,COG,2012,8.9,Africa
Egypt,EGY,2012,3.4,Africa
Ethiopia,ETH,2012,6.1,Africa
Gabon,GAB,2012,8.9,Africa
Ghana,GHA,2012,7.8,Africa
Guinea,GIN,2012,7.1,Africa
Kenya,KEN,2012,5.9,Africa
Libya,LBY,2012,5.7,Africa
Madagascar,MDG,2012,5.6,Africa
Malawi,MWI,2012,6.8,Africa
Mali,MLI,2012,4.5,Africa
Mauritania,MRT,2012,3.1,Africa
Morocco,MAR,2012,8.9,Africa
Niger,NER,2012,5.5,Africa
Nigeria,NGA,2012,4.2,Africa
Rwanda,RWA,2012,6,Africa
Senegal,SEN,2012,6.5,Africa
South Africa,ZAF,2012,22.9,Africa
Sudan,SDN,2012,4,Africa
Tanzania,TZA,2012,4.3,Africa
Tunisia,TUN,2012,3.4,Africa
Uganda,UGA,2012,5.7,Africa
Zambia,ZMB,2012,9.4,Africa
Zimbabwe,ZWE,2012,19.7,Africa
Angola,AGO,2013,6.9,Africa
Benin,BEN,2013,8.3,Africa
Botswana,BWA,2013,21.6,Africa
Cameroon,CMR,2013,10.4,Africa
Chad,TCD,2013,7.4,Africa
Congo,COG,2013,8.2,Africa
Egypt,EGY,2013,3.4,Africa
Ethiopia,ETH,2013,5.7,Africa
Gabon,GAB,2013,8.6,Africa
Ghana,GHA,2013,7.7,Africa
Guinea,GIN,2013,7.3,Africa
Kenya,KEN,2013,5.9,Africa
Madagascar,MDG,2013,5.6,Africa
Malawi,MWI,2013,6.4,Africa
Mali,MLI,2013,4.5,Africa
Mauritania,MRT,2013,3.1,Africa
Morocco,MAR,2013,8,Africa
Niger,NER,2013,5.5,Africa
Nigeria,NGA,2013,4.1,Africa
Rwanda,RWA,2013,5.8,Africa
Senegal,SEN,2013,6.5,Africa
Sierra Leone,SLE,2013,6.3,Africa
South Africa,ZAF,2013,23.7,Africa
Tanzania,TZA,2013,4.4,Africa
Tunisia,TUN,2013,3.3,Africa
Uganda,UGA,2013,5.2,Africa
Zambia,ZMB,2013,9.1,Africa
Zimbabwe,ZWE,2013,18.6,Africa
Algeria,DZA,2014,2.8,Africa
Angola,AGO,2014,6.4,Africa
Benin,BEN,2014,8.2,Africa
Botswana,BWA,2014,19.6,Africa
Burundi,BDI,2014,6.7,Africa
Cameroon,CMR,2014,10,Africa
Chad,TCD,2014,7.1,Africa
Congo,COG,2014,7.5,Africa
Egypt,EGY,2014,3.3,Africa
Ethiopia,ETH,2014,5.5,Africa
Gabon,GAB,2014,9.8,Africa
Ghana,GHA,2014,7.5,Africa
Guinea,GIN,2014,7.1,Africa
Kenya,KEN,2014,5.7,Africa
Liberia,LBR,2014,4.9,Africa
Madagascar,MDG,2014,5.6,Africa
Malawi,MWI,2014,6.3,Africa
Mali,MLI,2014,4.4,Africa
Mauritania,MRT,2014,3.1,Africa
Mauritius,MUS,2014,10.2,Africa
Namibia,NAM,2014,10.9,Africa
Niger,NER,2014,5.5,Africa
Rwanda,RWA,2014,5.8,Africa
Senegal,SEN,2014,6.5,Africa
Sierra Leone,SLE,2014,6.2,Africa
Somalia,SOM,2014,8.1,Africa
South Africa,ZAF,2014,24.1,Africa
South Sudan,SSD,2014,3.5,Africa
Sudan,SDN,2014,3.9,Africa
Tanzania,TZA,2014,4.2,Africa
Togo,TGO,2014,10.1,Africa
Tunisia,TUN,2014,3.2,Africa
Uganda,UGA,2014,4.8,Africa
Zambia,ZMB,2014,9,Africa
Zimbabwe,ZWE,2014,18.2,Africa
Benin,BEN,2015,8.1,Africa
Botswana,BWA,2015,19,Africa
Cameroon,CMR,2015,9.5,Africa
Chad,TCD,2015,6.8,Africa
Congo,COG,2015,6.8,Africa
Egypt,EGY,2015,3.3,Africa
Ethiopia,ETH,2015,5.5,Africa
Gabon,GAB,2015,9.6,Africa
Ghana,GHA,2015,7.3,Africa
Guinea,GIN,2015,7.2,Africa
Kenya,KEN,2015,5.5,Africa
Liberia,LBR,2015,4.5,Africa
Libya,LBY,2015,5.6,Africa
Madagascar,MDG,2015,5.5,Africa
Malawi,MWI,2015,6.2,Africa
Mali,MLI,2015,4.3,Africa
Mauritania,MRT,2015,3,Africa
Morocco,MAR,2015,7.4,Africa
Mozambique,MOZ,2015,13.9,Africa
Niger,NER,2015,5.4,Africa
Nigeria,NGA,2015,3.7,Africa
Rwanda,RWA,2015,5.7,Africa
Senegal,SEN,2015,6.4,Africa
Sierra Leone,SLE,2015,5.9,Africa
Somalia,SOM,2015,8,Africa
South Africa,ZAF,2015,24.5,Africa
South Sudan,SSD,2015,3.6,Africa
Tanzania,TZA,2015,4.2,Africa
Togo,TGO,2015,9.7,Africa
Tunisia,TUN,2015,3.1,Africa
Uganda,UGA,2015,4.7,Africa
Zambia,ZMB,2015,8.7,Africa
Zimbabwe,ZWE,2015,18,Africa
Algeria,DZA,2016,2.6,Africa
Benin,BEN,2016,8,Africa
Botswana,BWA,2016,17.8,Africa
Cameroon,CMR,2016,9.2,Africa
Central African Republic,CAF,2016,13.7,Africa
Chad,TCD,2016,6.7,Africa
Congo,COG,2016,6.7,Africa
Egypt,EGY,2016,3.2,Africa
Ethiopia,ETH,2016,5.5,Africa
Gabon,GAB,2016,9.2,Africa
Ghana,GHA,2016,7.2,Africa
Guinea,GIN,2016,7.1,Africa
Kenya,KEN,2016,5.4,Africa
Lesotho,LSO,2016,87,Africa
Liberia,LBR,2016,4.5,Africa
Libya,LBY,2016,5,Africa
Madagascar,MDG,2016,5.5,Africa
Malawi,MWI,2016,6.1,Africa
Mali,MLI,2016,4.2,Africa
Mauritania,MRT,2016,3,Africa
Mauritius,MUS,2016,8.1,Africa
Morocco,MAR,2016,7.2,Africa
Niger,NER,2016,5.3,Africa
Nigeria,NGA,2016,3.7,Africa
Rwanda,RWA,2016,5.7,Africa
Senegal,SEN,2016,6.3,Africa
Sierra Leone,SLE,2016,6.2,Africa
Somalia,SOM,2016,7.9,Africa
South Africa,ZAF,2016,24.4,Africa
South Sudan,SSD,2016,3.7,Africa
Tanzania,TZA,2016,4.2,Africa
Togo,TGO,2016,9.3,Africa
Tunisia,TUN,2016,3.1,Africa
Uganda,UGA,2016,4.7,Africa
Zambia,ZMB,2016,8.5,Africa
Zimbabwe,ZWE,2016,16.8,Africa
Algeria,DZA,2017,2.5,Africa
Benin,BEN,2017,8,Africa
Botswana,BWA,2017,17.4,Africa
Cameroon,CMR,2017,9,Africa
Central African Republic,CAF,2017,14.3,Africa
Chad,TCD,2017,6.7,Africa
Congo,COG,2017,6.6,Africa
Egypt,EGY,2017,3,Africa
Ethiopia,ETH,2017,5.4,Africa
Gabon,GAB,2017,8.8,Africa
Gambia,GMB,2017,4.9,Africa
Ghana,GHA,2017,7,Africa
Guinea,GIN,2017,7,Africa
Kenya,KEN,2017,5.6,Africa
Lesotho,LSO,2017,78.3,Africa
Liberia,LBR,2017,4.5,Africa
Libya,LBY,2017,5.5,Africa
Madagascar,MDG,2017,5.5,Africa
Malawi,MWI,2017,5.9,Africa
Mali,MLI,2017,4.1,Africa
Mauritania,MRT,2017,3.1,Africa
Mauritius,MUS,2017,9.6,Africa
Morocco,MAR,2017,7.1,Africa
Mozambique,MOZ,2017,13.4,Africa
Namibia,NAM,2017,10.9,Africa
Niger,NER,2017,5.3,Africa
Nigeria,NGA,2017,3.6,Africa
Rwanda,RWA,2017,5.6,Africa
Senegal,SEN,2017,6.2,Africa
Sierra Leone,SLE,2017,6.3,Africa
South Africa,ZAF,2017,25.2,Africa
South Sudan,SSD,2017,3.7,Africa
Tanzania,TZA,2017,4.2,Africa
Togo,TGO,2017,9,Africa
Tunisia,TUN,2017,3.1,Africa
Uganda,UGA,2017,4.4,Africa
Zambia,ZMB,2017,8.5,Africa
Zimbabwe,ZWE,2017,15,Africa
Algeria,DZA,2018,2.5,Africa
Benin,BEN,2018,7.9,Africa
Botswana,BWA,2018,17.4,Africa
Burundi,BDI,2018,6.3,Africa
Cameroon,CMR,2018,8.9,Africa
Chad,TCD,2018,6.6,Africa
Comoros,COM,2018,5.4,Africa
Congo,COG,2018,6.5,Africa
Egypt,EGY,2018,3,Africa
Ethiopia,ETH,2018,5.4,Africa
Gabon,GAB,2018,8.6,Africa
Gambia,GMB,2018,4.8,Africa
Ghana,GHA,2018,6.6,Africa
Guinea,GIN,2018,6.9,Africa
Kenya,KEN,2018,6,Africa
Liberia,LBR,2018,4.4,Africa
Libya,LBY,2018,5.8,Africa
Madagascar,MDG,2018,5.5,Africa
Malawi,MWI,2018,5.6,Africa
Mali,MLI,2018,4.1,Africa
Mauritania,MRT,2018,3.1,Africa
Mauritius,MUS,2018,8.7,Africa
Morocco,MAR,2018,7.2,Africa
Mozambique,MOZ,2018,13.5,Africa
Namibia,NAM,2018,9.9,Africa
Niger,NER,2018,5.3,Africa
Nigeria,NGA,2018,3.5,Africa
Rwanda,RWA,2018,5.6,Africa
Senegal,SEN,2018,6.1,Africa
Sierra Leone,SLE,2018,6.6,Africa
South Africa,ZAF,2018,24.1,Africa
Tanzania,TZA,2018,4.2,Africa
Togo,TGO,2018,8.7,Africa
Tunisia,TUN,2018,3.2,Africa
Uganda,UGA,2018,4.4,Africa
Zambia,ZMB,2018,8.1,Africa
Zimbabwe,ZWE,2018,14,Africa
Algeria,DZA,2019,2.5,Africa
Benin,BEN,2019,7.8,Africa
Botswana,BWA,2019,16.1,Africa
Cameroon,CMR,2019,9,Africa
Chad,TCD,2019,6.4,Africa
Comoros,COM,2019,5.4,Africa
Congo,COG,2019,6.5,Africa
Egypt,EGY,2019,3,Africa
Ethiopia,ETH,2019,5.4,Africa
Gabon,GAB,2019,8.4,Africa
Gambia,GMB,2019,4.8,Africa
Ghana,GHA,2019,6.6,Africa
Guinea,GIN,2019,7,Africa
Kenya,KEN,2019,6.1,Africa
Lesotho,LSO,2019,72.4,Africa
Liberia,LBR,2019,4.5,Africa
Libya,LBY,2019,4.5,Africa
Madagascar,MDG,2019,5.5,Africa
Malawi,MWI,2019,5.4,Africa
Mali,MLI,2019,4.1,Africa
Mauritania,MRT,2019,3.1,Africa
Mauritius,MUS,2019,9.5,Africa
Morocco,MAR,2019,7.2,Africa
Mozambique,MOZ,2019,13.6,Africa
Namibia,NAM,2019,9.7,Africa
Niger,NER,2019,5.3,Africa
Nigeria,NGA,2019,3.5,Africa
Rwanda,RWA,2019,5.6,Africa
Senegal,SEN,2019,6,Africa
Sierra Leone,SLE,2019,6.7,Africa
South Africa,ZAF,2019,23.5,Africa
Tanzania,TZA,2019,4.3,Africa
Togo,TGO,2019,8.8,Africa
Tunisia,TUN,2019,3.3,Africa
Uganda,UGA,2019,4.6,Africa
Zambia,ZMB,2019,7.3,Africa
Zimbabwe,ZWE,2019,14.1,Africa
Iran,IRN,2005,6.3,Asia
Japan,JPN,2005,24.3,Asia
Jordan,JOR,2005,2,Asia
Lebanon,LBN,2005,2.7,Asia
Pakistan,PAK,2005,9,Asia
Saudi Arabia,SAU,2005,3.7,Asia
Turkey,TUR,2005,2.8,Asia
Bangladesh,BGD,2006,5,Asia
Cambodia,KHM,2006,5.7,Asia
China,CHN,2006,12.1,Asia
India,IND,2006,15.6,Asia
Indonesia,IDN,2006,2.9,Asia
Israel,ISR,2006,5.5,Asia
Kazakhstan,KAZ,2006,38,Asia
Kuwait,KWT,2006,2.7,Asia
Kyrgyzstan,KGZ,2006,13.1,Asia
Laos,LAO,2006,6.4,Asia
Lebanon,LBN,2006,2.5,Asia
Malaysia,MYS,2006,4.5,Asia
Nepal,NPL,2006,7.7,Asia
Philippines,PHL,2006,2,Asia
Sri Lanka,LKA,2006,18.3,Asia
Tajikistan,TJK,2006,3.6,Asia
Thailand,THA,2006,8.9,Asia
United Arab Emirates,ARE,2006,8.3,Asia
Uzbekistan,UZB,2006,8.8,Asia
Vietnam,VNM,2006,6.4,Asia
Bangladesh,BGD,2007,4.9,Asia
Cambodia,KHM,2007,5.7,Asia
China,CHN,2007,11.5,Asia
India,IND,2007,15.3,Asia
Indonesia,IDN,2007,2.9,Asia
Iran,IRN,2007,6.4,Asia
Israel,ISR,2007,5.2,Asia
Japan,JPN,2007,25,Asia
Jordan,JOR,2007,1.7,Asia
Kazakhstan,KAZ,2007,38,Asia
Kyrgyzstan,KGZ,2007,12.6,Asia
Laos,LAO,2007,6.3,Asia
Malaysia,MYS,2007,4.4,Asia
Mongolia,MNG,2007,23.6,Asia
Nepal,NPL,2007,8,Asia
Pakistan,PAK,2007,9.1,Asia
Philippines,PHL,2007,1.9,Asia
Saudi Arabia,SAU,2007,4.3,Asia
Sri Lanka,LKA,2007,20,Asia
Tajikistan,TJK,2007,3.7,Asia
Thailand,THA,2007,8.4,Asia
Turkey,TUR,2007,2.5,Asia
Vietnam,VNM,2007,6.7,Asia
Yemen,YEM,2007,5.8,Asia
Afghanistan,AFG,2008,4.6,Asia
Bangladesh,BGD,2008,4.7,Asia
Cambodia,KHM,2008,5.6,Asia
China,CHN,2008,11.1,Asia
India,IND,2008,15.1,Asia
Indonesia,IDN,2008,2.8,Asia
Iran,IRN,2008,6.2,Asia
Iraq,IRQ,2008,3.6,Asia
Israel,ISR,2008,5.3,Asia
Japan,JPN,2008,24.4,Asia
Jordan,JOR,2008,1.7,Asia
Kazakhstan,KAZ,2008,34.6,Asia
Kyrgyzstan,KGZ,2008,12.3,Asia
Laos,LAO,2008,6.3,Asia
Lebanon,LBN,2008,2.9,Asia
Malaysia,MYS,2008,4.5,Asia
Mongolia,MNG,2008,23.8,Asia
Nepal,NPL,2008,8.3,Asia
Pakistan,PAK,2008,9,Asia
Philippines,PHL,2008,2,Asia
Saudi Arabia,SAU,2008,4.6,Asia
Sri Lanka,LKA,2008,17.5,Asia
Syria,SYR,2008,1.4,Asia
Tajikistan,TJK,2008,3.8,Asia
Thailand,THA,2008,8.1,Asia
Turkey,TUR,2008,2.4,Asia
Uzbekistan,UZB,2008,8.5,Asia
Vietnam,VNM,2008,6.9,Asia
Afghanistan,AFG,2009,4.4,Asia
Bahrain,BHR,2009,8.6,Asia
Bangladesh,BGD,2009,4.6,Asia
Cambodia,KHM,2009,5.4,Asia
China,CHN,2009,10.7,Asia
India,IND,2009,14.5,Asia
Indonesia,IDN,2009,2.7,Asia
Iraq,IRQ,2009,3.7,Asia
Israel,ISR,2009,6,Asia
Japan,JPN,2009,24.9,Asia
Jordan,JOR,2009,1.6,Asia
Kazakhstan,KAZ,2009,30.3,Asia
Kuwait,KWT,2009,2.7,Asia
Kyrgyzstan,KGZ,2009,11.9,Asia
Lebanon,LBN,2009,3,Asia
Malaysia,MYS,2009,4.6,Asia
Nepal,NPL,2009,8.5,Asia
Pakistan,PAK,2009,8.8,Asia
Philippines,PHL,2009,2.3,Asia
Qatar,QAT,2009,8.4,Asia
Saudi Arabia,SAU,2009,5,Asia
Sri Lanka,LKA,2009,22.7,Asia
Syria,SYR,2009,1.4,Asia
Tajikistan,TJK,2009,3.9,Asia
Thailand,THA,2009,8,Asia
Turkey,TUR,2009,2.4,Asia
Turkmenistan,TKM,2009,9.4,Asia
United Arab Emirates,ARE,2009,8.5,Asia
Uzbekistan,UZB,2009,8,Asia
Vietnam,VNM,2009,6.9,Asia
Yemen,YEM,2009,5.9,Asia
Afghanistan,AFG,2010,4.3,Asia
Bahrain,BHR,2010,8.2,Asia
Bangladesh,BGD,2010,4.4,Asia
Cambodia,KHM,2010,5.4,Asia
China,CHN,2010,10.2,Asia
India,IND,2010,14.6,Asia
Indonesia,IDN,2010,2.6,Asia
Iraq,IRQ,2010,3.9,Asia
Israel,ISR,2010,6.7,Asia
Japan,JPN,2010,24.1,Asia
Jordan,JOR,2010,1.5,Asia
Kazakhstan,KAZ,2010,29.9,Asia
Kuwait,KWT,2010,2.5,Asia
Kyrgyzstan,KGZ,2010,11.4,Asia
Lebanon,LBN,2010,3,Asia
Malaysia,MYS,2010,4.5,Asia
Mongolia,MNG,2010,23.4,Asia
Nepal,NPL,2010,8.7,Asia
Pakistan,PAK,2010,8.8,Asia
Philippines,PHL,2010,2.4,Asia
Qatar,QAT,2010,8.2,Asia
Saudi Arabia,SAU,2010,5.5,Asia
Sri Lanka,LKA,2010,21.9,Asia
Syria,SYR,2010,1.5,Asia
Tajikistan,TJK,2010,4,Asia
Thailand,THA,2010,8.1,Asia
Turkey,TUR,2010,2.4,Asia
United Arab Emirates,ARE,2010,8.4,Asia
Uzbekistan,UZB,2010,8.1,Asia
Vietnam,VNM,2010,7,Asia
Yemen,YEM,2010,5.7,Asia
Afghanistan,AFG,2011,4.1,Asia
Bahrain,BHR,2011,7.9,Asia
Bangladesh,BGD,2011,4,Asia
Cambodia,KHM,2011,5.3,Asia
China,CHN,2011,9.6,Asia
India,IND,2011,14.7,Asia
Indonesia,IDN,2011,2.6,Asia
Iran,IRN,2011,6.8,Asia
Iraq,IRQ,2011,4.1,Asia
Israel,ISR,2011,5.7,Asia
Japan,JPN,2011,23.4,Asia
Jordan,JOR,2011,1.5,Asia
Kazakhstan,KAZ,2011,28.7,Asia
Kuwait,KWT,2011,2.3,Asia
Kyrgyzstan,KGZ,2011,11.3,Asia
Laos,LAO,2011,5.9,Asia
Lebanon,LBN,2011,3,Asia
Malaysia,MYS,2011,4.6,Asia
Mongolia,MNG,2011,22.7,Asia
Nepal,NPL,2011,8.9,Asia
Oman,OMN,2011,6.1,Asia
Pakistan,PAK,2011,8.7,Asia
Philippines,PHL,2011,2.7,Asia
Qatar,QAT,2011,8,Asia
Saudi Arabia,SAU,2011,6.1,Asia
Sri Lanka,LKA,2011,17.9,Asia
Syria,SYR,2011,1.5,Asia
Tajikistan,TJK,2011,4,Asia
Thailand,THA,2011,8,Asia
Turkey,TUR,2011,2.2,Asia
Turkmenistan,TKM,2011,7.6,Asia
United Arab Emirates,ARE,2011,8.2,Asia
Uzbekistan,UZB,2011,8.5,Asia
Vietnam,VNM,2011,7.2,Asia
Yemen,YEM,2011,5.6,Asia
Afghanistan,AFG,2012,4,Asia
Bahrain,BHR,2012,7.4,Asia
Bangladesh,BGD,2012,3.7,Asia
Cambodia,KHM,2012,5.2,Asia
China,CHN,2012,9,Asia
India,IND,2012,14.3,Asia
Indonesia,IDN,2012,2.5,Asia
Iran,IRN,2012,6.7,Asia
Iraq,IRQ,2012,4.1,Asia
Israel,ISR,2012,6.1,Asia
Japan,JPN,2012,21.6,Asia
Jordan,JOR,2012,1.5,Asia
Kazakhstan,KAZ,2012,27.6,Asia
Kuwait,KWT,2012,2.4,Asia
Kyrgyzstan,KGZ,2012,10.9,Asia
Laos,LAO,2012,5.7,Asia
Lebanon,LBN,2012,3,Asia
Malaysia,MYS,2012,4.6,Asia
Mongolia,MNG,2012,21.7,Asia
Nepal,NPL,2012,8.9,Asia
Pakistan,PAK,2012,8.8,Asia
Philippines,PHL,2012,2.4,Asia
Qatar,QAT,2012,7.4,Asia
Saudi Arabia,SAU,2012,6.4,Asia
Sri Lanka,LKA,2012,16.6,Asia
Syria,SYR,2012,1.6,Asia
Tajikistan,TJK,2012,4.1,Asia
Thailand,THA,2012,7.9,Asia
Turkey,TUR,2012,2.2,Asia
Turkmenistan,TKM,2012,7.1,Asia
United Arab Emirates,ARE,2012,7.9,Asia
Uzbekistan,UZB,2012,8.9,Asia
Vietnam,VNM,2012,7.4,Asia
Yemen,YEM,2012,5.7,Asia
Afghanistan,AFG,2013,4,Asia
Bahrain,BHR,2013,7.1,Asia
Bangladesh,BGD,2013,3.5,Asia
Bhutan,BTN,2013,4.4,Asia
Cambodia,KHM,2013,5.2,Asia
China,CHN,2013,8.6,Asia
India,IND,2013,13.7,Asia
Indonesia,IDN,2013,2.5,Asia
Iran,IRN,2013,6.6,Asia
Iraq,IRQ,2013,4.2,Asia
Israel,ISR,2013,5.2,Asia
Japan,JPN,2013,21.4,Asia
Jordan,JOR,2013,1.5,Asia
Kazakhstan,KAZ,2013,26.3,Asia
Kuwait,KWT,2013,2.4,Asia
Kyrgyzstan,KGZ,2013,10.5,Asia
Lebanon,LBN,2013,3,Asia
Malaysia,MYS,2013,4.4,Asia
Mongolia,MNG,2013,21,Asia
Nepal,NPL,2013,8.7,Asia
Pakistan,PAK,2013,8.9,Asia
Philippines,PHL,2013,2.4,Asia
Saudi Arabia,SAU,2013,6.5,Asia
Sri Lanka,LKA,2013,15.2,Asia
Syria,SYR,2013,1.8,Asia
Tajikistan,TJK,2013,4,Asia
Thailand,THA,2013,7.5,Asia
Turkey,TUR,2013,2.3,Asia
Turkmenistan,TKM,2013,7.1,Asia
United Arab Emirates,ARE,2013,7.5,Asia
Uzbekistan,UZB,2013,8.9,Asia
Vietnam,VNM,2013,7.5,Asia
Yemen,YEM,2013,5.7,Asia
Afghanistan,AFG,2014,3.9,Asia
Bahrain,BHR,2014,7.4,Asia
Bangladesh,BGD,2014,3.5,Asia
Bhutan,BTN,2014,4.4,Asia
Cambodia,KHM,2014,5.1,Asia
China,CHN,2014,8.4,Asia
India,IND,2014,12.8,Asia
Indonesia,IDN,2014,2.4,Asia
Iran,IRN,2014,6.5,Asia
Iraq,IRQ,2014,4.1,Asia
Israel,ISR,2014,5.1,Asia
Japan,JPN,2014,20.1,Asia
Jordan,JOR,2014,1.5,Asia
Kazakhstan,KAZ,2014,24.2,Asia
Kuwait,KWT,2014,2.5,Asia
Kyrgyzstan,KGZ,2014,10.5,Asia
Lebanon,LBN,2014,2.8,Asia
Malaysia,MYS,2014,4.6,Asia
Mongolia,MNG,2014,20,Asia
Nepal,NPL,2014,8.5,Asia
Pakistan,PAK,2014,8.9,Asia
Philippines,PHL,2014,2.3,Asia
Saudi Arabia,SAU,2014,6.6,Asia
Sri Lanka,LKA,2014,13.1,Asia
Tajikistan,TJK,2014,4.1,Asia
Thailand,THA,2014,7.8,Asia
Turkey,TUR,2014,2.3,Asia
Turkmenistan,TKM,2014,6.8,Asia
United Arab Emirates,ARE,2014,7,Asia
Uzbekistan,UZB,2014,9,Asia
Vietnam,VNM,2014,7.6,Asia
Yemen,YEM,2014,5.7,Asia
Afghanistan,AFG,2015,4,Asia
Bahrain,BHR,2015,7.4,Asia
Bangladesh,BGD,2015,3.4,Asia
Bhutan,BTN,2015,4.5,Asia
Cambodia,KHM,2015,5.1,Asia
China,CHN,2015,8.1,Asia
India,IND,2015,12.3,Asia
Indonesia,IDN,2015,2.4,Asia
Iran,IRN,2015,6.3,Asia
Iraq,IRQ,2015,4.1,Asia
Israel,ISR,2015,4.5,Asia
Japan,JPN,2015,19.1,Asia
Jordan,JOR,2015,1.5,Asia
Kazakhstan,KAZ,2015,23.2,Asia
Kuwait,KWT,2015,2.6,Asia
Kyrgyzstan,KGZ,2015,9.9,Asia
Lebanon,LBN,2015,2.8,Asia
Malaysia,MYS,2015,4.8,Asia
Mongolia,MNG,2015,20,Asia
Nepal,NPL,2015,8.5,Asia
Pakistan,PAK,2015,9,Asia
Philippines,PHL,2015,2.3,Asia
Qatar,QAT,2015,6.1,Asia
Saudi Arabia,SAU,2015,6.3,Asia
Sri Lanka,LKA,2015,15.1,Asia
Syria,SYR,2015,1.7,Asia
Tajikistan,TJK,2015,4.1,Asia
Thailand,THA,2015,8,Asia
Turkey,TUR,2015,2.3,Asia
Turkmenistan,TKM,2015,6.3,Asia
United Arab Emirates,ARE,2015,6.5,Asia
Uzbekistan,UZB,2015,9.2,Asia
Vietnam,VNM,2015,7.7,Asia
Yemen,YEM,2015,5.5,Asia
Afghanistan,AFG,2016,4,Asia
Bahrain,BHR,2016,7.7,Asia
Bangladesh,BGD,2016,3.4,Asia
Cambodia,KHM,2016,5.1,Asia
China,CHN,2016,8.2,Asia
India,IND,2016,12.1,Asia
Indonesia,IDN,2016,2.4,Asia
Iran,IRN,2016,6.2,Asia
Iraq,IRQ,2016,4,Asia
Israel,ISR,2016,5.2,Asia
Japan,JPN,2016,17.5,Asia
Jordan,JOR,2016,1.5,Asia
Kazakhstan,KAZ,2016,21.7,Asia
Kuwait,KWT,2016,2.6,Asia
Kyrgyzstan,KGZ,2016,8.6,Asia
Lebanon,LBN,2016,2.7,Asia
Mongolia,MNG,2016,20.1,Asia
Nepal,NPL,2016,8.5,Asia
Pakistan,PAK,2016,9.1,Asia
Philippines,PHL,2016,2.2,Asia
Saudi Arabia,SAU,2016,6.3,Asia
Tajikistan,TJK,2016,4.3,Asia
Thailand,THA,2016,8.5,Asia
Turkey,TUR,2016,2.3,Asia
Turkmenistan,TKM,2016,6.2,Asia
United Arab Emirates,ARE,2016,6,Asia
Uzbekistan,UZB,2016,9.1,Asia
Vietnam,VNM,2016,7.7,Asia
Yemen,YEM,2016,5.7,Asia
Afghanistan,AFG,2017,4.1,Asia
Bahrain,BHR,2017,8.1,Asia
Bangladesh,BGD,2017,3.5,Asia
Cambodia,KHM,2017,5,Asia
China,CHN,2017,8.1,Asia
India,IND,2017,12,Asia
Indonesia,IDN,2017,2.4,Asia
Iran,IRN,2017,6,Asia
Iraq,IRQ,2017,3.9,Asia
Israel,ISR,2017,5.1,Asia
Japan,JPN,2017,17,Asia
Jordan,JOR,2017,1.5,Asia
Kazakhstan,KAZ,2017,20.8,Asia
Kuwait,KWT,2017,2.7,Asia
Kyrgyzstan,KGZ,2017,8.3,Asia
Laos,LAO,2017,5.6,Asia
Lebanon,LBN,2017,3,Asia
Mongolia,MNG,2017,19.2,Asia
Nepal,NPL,2017,8.7,Asia
Pakistan,PAK,2017,9.1,Asia
Philippines,PHL,2017,2.2,Asia
Saudi Arabia,SAU,2017,6.2,Asia
Sri Lanka,LKA,2017,14.4,Asia
Tajikistan,TJK,2017,4.2,Asia
Thailand,THA,2017,8.4,Asia
Turkey,TUR,2017,2.3,Asia
Turkmenistan,TKM,2017,5.8,Asia
United Arab Emirates,ARE,2017,5.6,Asia
Uzbekistan,UZB,2017,8.8,Asia
Vietnam,VNM,2017,7.7,Asia
Yemen,YEM,2017,5.6,Asia
Afghanistan,AFG,2018,4.1,Asia
Bangladesh,BGD,2018,3.6,Asia
Cambodia,KHM,2018,4.9,Asia
China,CHN,2018,8.1,Asia
India,IND,2018,12.6,Asia
Indonesia,IDN,2018,2.4,Asia
Iran,IRN,2018,5.7,Asia
Iraq,IRQ,2018,3.7,Asia
Israel,ISR,2018,5.4,Asia
Japan,JPN,2018,16.7,Asia
Jordan,JOR,2018,1.6,Asia
Kazakhstan,KAZ,2018,19,Asia
Kyrgyzstan,KGZ,2018,8,Asia
Laos,LAO,2018,5.6,Asia
Lebanon,LBN,2018,2.5,Asia
Malaysia,MYS,2018,5.4,Asia
Maldives,MDV,2018,2.9,Asia
Mongolia,MNG,2018,18.6,Asia
Nepal,NPL,2018,8.8,Asia
Pakistan,PAK,2018,8.9,Asia
Philippines,PHL,2018,2.2,Asia
Saudi Arabia,SAU,2018,6.1,Asia
Sri Lanka,LKA,2018,14.2,Asia
Tajikistan,TJK,2018,4.2,Asia
Thailand,THA,2018,8.8,Asia
Turkey,TUR,2018,2.3,Asia
Turkmenistan,TKM,2018,5.7,Asia
United Arab Emirates,ARE,2018,6,Asia
Uzbekistan,UZB,2018,8.6,Asia
Vietnam,VNM,2018,7.6,Asia
Yemen,YEM,2018,5.9,Asia
Afghanistan,AFG,2019,4.1,Asia
Bahrain,BHR,2019,8.9,Asia
Bangladesh,BGD,2019,3.7,Asia
Cambodia,KHM,2019,4.9,Asia
China,CHN,2019,8.1,Asia
India,IND,2019,12.7,Asia
Indonesia,IDN,2019,2.4,Asia
Iran,IRN,2019,5.2,Asia
Israel,ISR,2019,5.3,Asia
Japan,JPN,2019,15.3,Asia
Jordan,JOR,2019,1.6,Asia
Kazakhstan,KAZ,2019,17.6,Asia
Kuwait,KWT,2019,2.9,Asia
Kyrgyzstan,KGZ,2019,7.4,Asia
Laos,LAO,2019,5.4,Asia
Lebanon,LBN,2019,2.8,Asia
Malaysia,MYS,2019,5.7,Asia
Mongolia,MNG,2019,17.9,Asia
Nepal,NPL,2019,9,Asia
Pakistan,PAK,2019,8.9,Asia
Philippines,PHL,2019,2.2,Asia
Saudi Arabia,SAU,2019,6,Asia
Sri Lanka,LKA,2019,14,Asia
Tajikistan,TJK,2019,4.3,Asia
Thailand,THA,2019,8.8,Asia
Turkey,TUR,2019,2.4,Asia
Turkmenistan,TKM,2019,5.7,Asia
United Arab Emirates,ARE,2019,6.4,Asia
Uzbekistan,UZB,2019,8,Asia
Vietnam,VNM,2019,7.5,Asia
Yemen,YEM,2019,5.8,Asia
Belgium,BEL,2005,20.7,Europe
Denmark,DNK,2005,14.8,Europe
France,FRA,2005,19.1,Europe
Germany,DEU,2005,13.3,Europe
Greece,GRC,2005,3.7,Europe
Hungary,HUN,2005,26.4,Europe
Italy,ITA,2005,6.7,Europe
Netherlands,NLD,2005,9.8,Europe
Poland,POL,2005,17.7,Europe
Romania,ROU,2005,12.3,Europe
Spain,ESP,2005,8,Europe
Sweden,SWE,2005,15.7,Europe
United Kingdom,GBR,2005,7.9,Europe
Armenia,ARM,2006,5.9,Europe
Austria,AUT,2006,16.4,Europe
Azerbaijan,AZE,2006,4.7,Europe
Belarus,BLR,2006,40.9,Europe
Cyprus,CYP,2006,3.5,Europe
Estonia,EST,2006,20.9,Europe
Finland,FIN,2006,21,Europe
France,FRA,2006,18.5,Europe
Georgia,GEO,2006,6.2,Europe
Ireland,IRL,2006,10.9,Europe
Latvia,LVA,2006,23.2,Europe
Lithuania,LTU,2006,35.2,Europe
Moldova,MDA,2006,19.7,Europe
Norway,NOR,2006,12.8,Europe
Portugal,PRT,2006,11.5,Europe
Slovakia,SVK,2006,14.5,Europe
Slovenia,SVN,2006,27.9,Europe
Switzerland,CHE,2006,18.8,Europe
Ukraine,UKR,2006,30.8,Europe
Albania,ALB,2007,8.1,Europe
Armenia,ARM,2007,5.8,Europe
Azerbaijan,AZE,2007,4.9,Europe
Belarus,BLR,2007,36.8,Europe
Belgium,BEL,2007,18.7,Europe
Bosnia and Herzegovina,BIH,2007,11.5,Europe
Bulgaria,BGR,2007,12.5,Europe
Croatia,HRV,2007,18.1,Europe
Denmark,DNK,2007,12.6,Europe
Estonia,EST,2007,21.4,Europe
Georgia,GEO,2007,6.1,Europe
Germany,DEU,2007,12.4,Europe
Greece,GRC,2007,3,Europe
Hungary,HUN,2007,25,Europe
Italy,ITA,2007,6.7,Europe
Latvia,LVA,2007,20.9,Europe
Lithuania,LTU,2007,34.5,Europe
Moldova,MDA,2007,17.2,Europe
Montenegro,MNE,2007,21,Europe
Netherlands,NLD,2007,8.4,Europe
Poland,POL,2007,15.7,Europe
Romania,ROU,2007,11.6,Europe
Serbia,SRB,2007,18.7,Europe
Spain,ESP,2007,7.4,Europe
Sweden,SWE,2007,14.5,Europe
Ukraine,UKR,2007,31.5,Europe
United Kingdom,GBR,2007,7.6,Europe
Armenia,ARM,2008,4.8,Europe
Austria,AUT,2008,15.8,Europe
Azerbaijan,AZE,2008,4.7,Europe
Belarus,BLR,2008,36.7,Europe
Belgium,BEL,2008,20.3,Europe
Denmark,DNK,2008,13.1,Europe
Estonia,EST,2008,19.4,Europe
Finland,FIN,2008,20.6,Europe
France,FRA,2008,18.2,Europe
Georgia,GEO,2008,7.5,Europe
Germany,DEU,2008,12.5,Europe
Iceland,ISL,2008,14.8,Europe
Ireland,IRL,2008,12.2,Europe
Italy,ITA,2008,6.9,Europe
Latvia,LVA,2008,26.4,Europe
Lithuania,LTU,2008,37.8,Europe
Moldova,MDA,2008,19.1,Europe
Netherlands,NLD,2008,9,Europe
Norway,NOR,2008,11.8,Europe
Portugal,PRT,2008,13.1,Europe
Spain,ESP,2008,7.8,Europe
Sweden,SWE,2008,15,Europe
Ukraine,UKR,2008,30.9,Europe
United Kingdom,GBR,2008,8.1,Europe
Albania,ALB,2009,8.1,Europe
Armenia,ARM,2009,4.8,Europe
Azerbaijan,AZE,2009,4.6,Europe
Belarus,BLR,2009,36.5,Europe
Bosnia and Herzegovina,BIH,2009,10.7,Europe
Croatia,HRV,2009,18.3,Europe
Cyprus,CYP,2009,4.5,Europe
Denmark,DNK,2009,12.9,Europe
Estonia,EST,2009,23.3,Europe
France,FRA,2009,18.4,Europe
Georgia,GEO,2009,8.5,Europe
Germany,DEU,2009,12.8,Europe
Greece,GRC,2009,3.6,Europe
Hungary,HUN,2009,25.4,Europe
Ireland,IRL,2009,14,Europe
Italy,ITA,2009,7,Europe
Latvia,LVA,2009,26.3,Europe
Lithuania,LTU,2009,39.2,Europe
Luxembourg,LUX,2009,11.3,Europe
Malta,MLT,2009,6.9,Europe
Moldova,MDA,2009,19.7,Europe
Montenegro,MNE,2009,20.9,Europe
Poland,POL,2009,19.2,Europe
Romania,ROU,2009,12.2,Europe
Serbia,SRB,2009,19.5,Europe
Slovenia,SVN,2009,22.5,Europe
Spain,ESP,2009,7.6,Europe
Sweden,SWE,2009,15.7,Europe
Switzerland,CHE,2009,16,Europe
Ukraine,UKR,2009,26.3,Europe
United Kingdom,GBR,2009,8,Europe
Albania,ALB,2010,7.8,Europe
Armenia,ARM,2010,6.8,Europe
Austria,AUT,2010,16.1,Europe
Azerbaijan,AZE,2010,4.6,Europe
Belarus,BLR,2010,35.9,Europe
Belgium,BEL,2010,20.5,Europe
Bosnia and Herzegovina,BIH,2010,10.5,Europe
Bulgaria,BGR,2010,12.4,Europe
Croatia,HRV,2010,18.3,Europe
Cyprus,CYP,2010,5.3,Europe
Denmark,DNK,2010,11.8,Europe
Finland,FIN,2010,18.6,Europe
France,FRA,2010,18.2,Europe
Georgia,GEO,2010,8.3,Europe
Germany,DEU,2010,13.2,Europe
Greece,GRC,2010,3.5,Europe
Hungary,HUN,2010,25.5,Europe
Ireland,IRL,2010,11.9,Europe
Italy,ITA,2010,6.9,Europe
Lithuania,LTU,2010,37.2,Europe
Luxembourg,LUX,2010,12,Europe
Malta,MLT,2010,7.5,Europe
Moldova,MDA,2010,20.5,Europe
Montenegro,MNE,2010,20.3,Europe
Netherlands,NLD,2010,9.8,Europe
Poland,POL,2010,18.6,Europe
Portugal,PRT,2010,13.6,Europe
Romania,ROU,2010,13.2,Europe
Serbia,SRB,2010,17.2,Europe
Slovakia,SVK,2010,13.6,Europe
Slovenia,SVN,2010,20.7,Europe
Spain,ESP,2010,6.9,Europe
Sweden,SWE,2010,14.7,Europe
Ukraine,UKR,2010,24.5,Europe
United Kingdom,GBR,2010,7.8,Europe
Albania,ALB,2011,7.9,Europe
Armenia,ARM,2011,6.8,Europe
Austria,AUT,2011,16.5,Europe
Azerbaijan,AZE,2011,4.5,Europe
Belarus,BLR,2011,36.2,Europe
Belgium,BEL,2011,21.1,Europe
Bosnia and Herzegovina,BIH,2011,10.6,Europe
Bulgaria,BGR,2011,11,Europe
Croatia,HRV,2011,16.4,Europe
Cyprus,CYP,2011,4.3,Europe
Denmark,DNK,2011,12.6,Europe
Estonia,EST,2011,18.2,Europe
Finland,FIN,2011,17.9,Europe
France,FRA,2011,18,Europe
Georgia,GEO,2011,8.7,Europe
Germany,DEU,2011,13.2,Europe
Greece,GRC,2011,4.4,Europe
Hungary,HUN,2011,25.1,Europe
Ireland,IRL,2011,12.5,Europe
Italy,ITA,2011,7.4,Europe
Latvia,LVA,2011,22.7,Europe
Lithuania,LTU,2011,38.1,Europe
Luxembourg,LUX,2011,11.9,Europe
Malta,MLT,2011,6.8,Europe
Moldova,MDA,2011,15.3,Europe
Montenegro,MNE,2011,20.9,Europe
Netherlands,NLD,2011,10.1,Europe
Poland,POL,2011,18,Europe
Portugal,PRT,2011,12.3,Europe
Romania,ROU,2011,12.1,Europe
Serbia,SRB,2011,18,Europe
Slovakia,SVK,2011,12.9,Europe
Slovenia,SVN,2011,21.6,Europe
Spain,ESP,2011,7.1,Europe
Sweden,SWE,2011,14.2,Europe
Ukraine,UKR,2011,23,Europe
United Kingdom,GBR,2011,8.3,Europe
Albania,ALB,2012,5.2,Europe
Armenia,ARM,2012,7.4,Europe
Austria,AUT,2012,16.3,Europe
Azerbaijan,AZE,2012,4.4,Europe
Belarus,BLR,2012,29.9,Europe
Belgium,BEL,2012,20.8,Europe
Bosnia and Herzegovina,BIH,2012,10.4,Europe
Bulgaria,BGR,2012,12.5,Europe
Croatia,HRV,2012,18.4,Europe
Cyprus,CYP,2012,5.4,Europe
Denmark,DNK,2012,12.8,Europe
Estonia,EST,2012,21.1,Europe
Finland,FIN,2012,17,Europe
France,FRA,2012,17.8,Europe
Georgia,GEO,2012,9.2,Europe
Germany,DEU,2012,12.9,Europe
Greece,GRC,2012,4.8,Europe
Hungary,HUN,2012,24.8,Europe
Iceland,ISL,2012,13.5,Europe
Ireland,IRL,2012,12.4,Europe
Italy,ITA,2012,7.6,Europe
Latvia,LVA,2012,23.5,Europe
Lithuania,LTU,2012,35,Europe
Luxembourg,LUX,2012,11.3,Europe
Malta,MLT,2012,6,Europe
Moldova,MDA,2012,17,Europe
Montenegro,MNE,2012,21,Europe
Netherlands,NLD,2012,10.7,Europe
Norway,NOR,2012,11.4,Europe
Poland,POL,2012,18.5,Europe
Portugal,PRT,2012,13.5,Europe
Romania,ROU,2012,12.6,Europe
Serbia,SRB,2012,18.2,Europe
Slovakia,SVK,2012,12.6,Europe
Slovenia,SVN,2012,22,Europe
Spain,ESP,2012,7.7,Europe
Sweden,SWE,2012,15,Europe
Switzerland,CHE,2012,14.7,Europe
Ukraine,UKR,2012,23.1,Europe
United Kingdom,GBR,2012,8.2,Europe
Albania,ALB,2013,5.3,Europe
Armenia,ARM,2013,6.4,Europe
Austria,AUT,2013,16.2,Europe
Azerbaijan,AZE,2013,4.3,Europe
Belarus,BLR,2013,27.9,Europe
Belgium,BEL,2013,19.5,Europe
Bosnia and Herzegovina,BIH,2013,10.6,Europe
Bulgaria,BGR,2013,10.5,Europe
Croatia,HRV,2013,16.5,Europe
Cyprus,CYP,2013,5.7,Europe
Denmark,DNK,2013,12.1,Europe
Estonia,EST,2013,18.9,Europe
Finland,FIN,2013,17.2,Europe
France,FRA,2013,17,Europe
Georgia,GEO,2013,9.8,Europe
Germany,DEU,2013,13.4,Europe
Greece,GRC,2013,5,Europe
Hungary,HUN,2013,22.1,Europe
Iceland,ISL,2013,13.9,Europe
Ireland,IRL,2013,11.4,Europe
Italy,ITA,2013,7.5,Europe
Latvia,LVA,2013,20.6,Europe
Lithuania,LTU,2013,40.5,Europe
Luxembourg,LUX,2013,11.3,Europe
Malta,MLT,2013,6.8,Europe
Moldova,MDA,2013,17,Europe
Montenegro,MNE,2013,20.4,Europe
Netherlands,NLD,2013,11.8,Europe
Poland,POL,2013,18.2,Europe
Portugal,PRT,2013,12.5,Europe
Romania,ROU,2013,12.2,Europe
Serbia,SRB,2013,17.9,Europe
Slovakia,SVK,2013,12.3,Europe
Slovenia,SVN,2013,22.2,Europe
Spain,ESP,2013,8.5,Europe
Sweden,SWE,2013,15.9,Europe
Ukraine,UKR,2013,22.6,Europe
United Kingdom,GBR,2013,8.8,Europe
Albania,ALB,2014,5,Europe
Armenia,ARM,2014,6.3,Europe
Austria,AUT,2014,16.5,Europe
Azerbaijan,AZE,2014,4.2,Europe
Belarus,BLR,2014,26.3,Europe
Belgium,BEL,2014,19.4,Europe
Bosnia and Herzegovina,BIH,2014,10.6,Europe
Bulgaria,BGR,2014,10.4,Europe
Croatia,HRV,2014,17.3,Europe
Cyprus,CYP,2014,5.4,Europe
Denmark,DNK,2014,12,Europe
Estonia,EST,2014,19.5,Europe
Finland,FIN,2014,15.4,Europe
France,FRA,2014,15.6,Europe
Georgia,GEO,2014,10.3,Europe
Germany,DEU,2014,13.4,Europe
Greece,GRC,2014,5.3,Europe
Hungary,HUN,2014,20.4,Europe
Ireland,IRL,2014,11,Europe
Italy,ITA,2014,7.2,Europe
Latvia,LVA,2014,20.7,Europe
Lithuania,LTU,2014,35.6,Europe
Luxembourg,LUX,2014,12.7,Europe
Malta,MLT,2014,7.1,Europe
Moldova,MDA,2014,17.2,Europe
Montenegro,MNE,2014,20.6,Europe
Netherlands,NLD,2014,11.6,Europe
Norway,NOR,2014,11.6,Europe
Poland,POL,2014,17.4,Europe
Portugal,PRT,2014,14.2,Europe
Romania,ROU,2014,11.3,Europe
Serbia,SRB,2014,17,Europe
Slovakia,SVK,2014,12.9,Europe
Slovenia,SVN,2014,19.6,Europe
Spain,ESP,2014,8.6,Europe
Sweden,SWE,2014,14.8,Europe
Switzerland,CHE,2014,14.7,Europe
Ukraine,UKR,2014,24.4,Europe
United Kingdom,GBR,2014,8.6,Europe
Albania,ALB,2015,4.8,Europe
Armenia,ARM,2015,6.2,Europe
Austria,AUT,2015,16,Europe
Azerbaijan,AZE,2015,4.1,Europe
Belarus,BLR,2015,24.3,Europe
Belgium,BEL,2015,18.6,Europe
Bosnia and Herzegovina,BIH,2015,10.7,Europe
Bulgaria,BGR,2015,9.8,Europe
Croatia,HRV,2015,17.6,Europe
Cyprus,CYP,2015,4.7,Europe
Denmark,DNK,2015,10.9,Europe
Estonia,EST,2015,15.9,Europe
Finland,FIN,2015,14,Europe
France,FRA,2015,15.8,Europe
Georgia,GEO,2015,10.5,Europe
Germany,DEU,2015,13.3,Europe
Greece,GRC,2015,5,Europe
Hungary,HUN,2015,19.9,Europe
Iceland,ISL,2015,14.3,Europe
Ireland,IRL,2015,9.3,Europe
Italy,ITA,2015,7.1,Europe
Latvia,LVA,2015,21.6,Europe
Lithuania,LTU,2015,34.9,Europe
Luxembourg,LUX,2015,12.2,Europe
Malta,MLT,2015,7.2,Europe
Moldova,MDA,2015,16.2,Europe
Montenegro,MNE,2015,20.7,Europe
Netherlands,NLD,2015,11.8,Europe
Norway,NOR,2015,12.5,Europe
Poland,POL,2015,15.9,Europe
Portugal,PRT,2015,13.2,Europe
Romania,ROU,2015,11.5,Europe
Serbia,SRB,2015,16.4,Europe
Slovakia,SVK,2015,12.4,Europe
Slovenia,SVN,2015,21,Europe
Spain,ESP,2015,7.9,Europe
Sweden,SWE,2015,15.7,Europe
Switzerland,CHE,2015,15,Europe
Ukraine,UKR,2015,21.6,Europe
United Kingdom,GBR,2015,8.8,Europe
Albania,ALB,2016,4.7,Europe
Armenia,ARM,2016,5.7,Europe
Austria,AUT,2016,15.5,Europe
Azerbaijan,AZE,2016,4,Europe
Belarus,BLR,2016,24.2,Europe
Belgium,BEL,2016,19.3,Europe
Bosnia and Herzegovina,BIH,2016,10.5,Europe
Bulgaria,BGR,2016,9.7,Europe
Croatia,HRV,2016,16.4,Europe
Cyprus,CYP,2016,4.6,Europe
Denmark,DNK,2016,10.9,Europe
Estonia,EST,2016,15.7,Europe
Finland,FIN,2016,15.2,Europe
France,FRA,2016,14.9,Europe
Georgia,GEO,2016,10.7,Europe
Germany,DEU,2016,13,Europe
Greece,GRC,2016,4.7,Europe
Hungary,HUN,2016,18.7,Europe
Iceland,ISL,2016,13,Europe
Ireland,IRL,2016,10,Europe
Italy,ITA,2016,6.6,Europe
Latvia,LVA,2016,21.3,Europe
Lithuania,LTU,2016,32.8,Europe
Luxembourg,LUX,2016,10.2,Europe
Malta,MLT,2016,5.8,Europe
Moldova,MDA,2016,15.9,Europe
Montenegro,MNE,2016,20.8,Europe
Netherlands,NLD,2016,11.9,Europe
Norway,NOR,2016,12.6,Europe
Poland,POL,2016,13.8,Europe
Portugal,PRT,2016,11.4,Europe
Romania,ROU,2016,10.2,Europe
Serbia,SRB,2016,15.2,Europe
Slovakia,SVK,2016,12.3,Europe
Slovenia,SVN,2016,19,Europe
Spain,ESP,2016,7.8,Europe
Sweden,SWE,2016,14.6,Europe
Switzerland,CHE,2016,14.1,Europe
Ukraine,UKR,2016,21.4,Europe
United Kingdom,GBR,2016,8.5,Europe
Albania,ALB,2017,4.7,Europe
Armenia,ARM,2017,3,Europe
Austria,AUT,2017,15.4,Europe
Azerbaijan,AZE,2017,4,Europe
Belarus,BLR,2017,23.3,Europe
Belgium,BEL,2017,18.9,Europe
Bosnia and Herzegovina,BIH,2017,10.5,Europe
Bulgaria,BGR,2017,10.3,Europe
Croatia,HRV,2017,15.7,Europe
Cyprus,CYP,2017,3.7,Europe
Denmark,DNK,2017,11.3,Europe
Estonia,EST,2017,18.7,Europe
Finland,FIN,2017,15.9,Europe
France,FRA,2017,14.6,Europe
Georgia,GEO,2017,9.6,Europe
Germany,DEU,2017,12.6,Europe
Greece,GRC,2017,5.1,Europe
Hungary,HUN,2017,17.5,Europe
Iceland,ISL,2017,12.2,Europe
Ireland,IRL,2017,10,Europe
Italy,ITA,2017,7.1,Europe
Latvia,LVA,2017,21.4,Europe
Lithuania,LTU,2017,29.7,Europe
Luxembourg,LUX,2017,9.8,Europe
Malta,MLT,2017,5.5,Europe
Moldova,MDA,2017,14.9,Europe
Montenegro,MNE,2017,21.1,Europe
Netherlands,NLD,2017,12.1,Europe
Norway,NOR,2017,12.1,Europe
Poland,POL,2017,13.3,Europe
Portugal,PRT,2017,12,Europe
Romania,ROU,2017,10.1,Europe
Serbia,SRB,2017,0.6,Europe
Slovakia,SVK,2017,12.3,Europe
Slovenia,SVN,2017,20.9,Europe
Spain,ESP,2017,8.2,Europe
Sweden,SWE,2017,15,Europe
Switzerland,CHE,2017,14.6,Europe
Ukraine,UKR,2017,20.6,Europe
United Kingdom,GBR,2017,8.2,Europe
Albania,ALB,2018,4.5,Europe
Armenia,ARM,2018,2.1,Europe
Austria,AUT,2018,15.7,Europe
Azerbaijan,AZE,2018,4,Europe
Belarus,BLR,2018,22.8,Europe
Belgium,BEL,2018,18.7,Europe
Bosnia and Herzegovina,BIH,2018,10.8,Europe
Bulgaria,BGR,2018,9.7,Europe
Croatia,HRV,2018,16.4,Europe
Cyprus,CYP,2018,4.2,Europe
Denmark,DNK,2018,11.4,Europe
Estonia,EST,2018,15.3,Europe
Finland,FIN,2018,16.2,Europe
France,FRA,2018,14.2,Europe
Georgia,GEO,2018,9.4,Europe
Germany,DEU,2018,12.9,Europe
Greece,GRC,2018,5.1,Europe
Hungary,HUN,2018,17.7,Europe
Ireland,IRL,2018,9.9,Europe
Italy,ITA,2018,6.7,Europe
Latvia,LVA,2018,18.1,Europe
Lithuania,LTU,2018,27.4,Europe
Luxembourg,LUX,2018,10.6,Europe
Malta,MLT,2018,6,Europe
Moldova,MDA,2018,14.4,Europe
Montenegro,MNE,2018,21.2,Europe
Netherlands,NLD,2018,11.4,Europe
Norway,NOR,2018,12,Europe
Poland,POL,2018,12.7,Europe
Portugal,PRT,2018,11.7,Europe
Romania,ROU,2018,10.2,Europe
Serbia,SRB,2018,11.3,Europe
Slovakia,SVK,2018,12.2,Europe
Slovenia,SVN,2018,17.8,Europe
Spain,ESP,2018,7.8,Europe
Sweden,SWE,2018,14.9,Europe
Switzerland,CHE,2018,14.5,Europe
Ukraine,UKR,2018,21.9,Europe
United Kingdom,GBR,2018,8.1,Europe
Albania,ALB,2019,4.3,Europe
Armenia,ARM,2019,3.3,Europe
Austria,AUT,2019,14.6,Europe
Azerbaijan,AZE,2019,4.1,Europe
Belarus,BLR,2019,21.2,Europe
Belgium,BEL,2019,18.3,Europe
Bosnia and Herzegovina,BIH,2019,10.9,Europe
Bulgaria,BGR,2019,9.7,Europe
Croatia,HRV,2019,16.4,Europe
Cyprus,CYP,2019,3.6,Europe
Denmark,DNK,2019,10.7,Europe
Estonia,EST,2019,14.9,Europe
Finland,FIN,2019,15.3,Europe
France,FRA,2019,13.8,Europe
Georgia,GEO,2019,9.2,Europe
Germany,DEU,2019,12.3,Europe
Greece,GRC,2019,5.1,Europe
Hungary,HUN,2019,16.6,Europe
Iceland,ISL,2019,11.9,Europe
Ireland,IRL,2019,9.6,Europe
Italy,ITA,2019,6.7,Europe
Latvia,LVA,2019,20.1,Europe
Lithuania,LTU,2019,26.1,Europe
Luxembourg,LUX,2019,11.3,Europe
Malta,MLT,2019,6.1,Europe
Moldova,MDA,2019,14.7,Europe
Montenegro,MNE,2019,21,Europe
Netherlands,NLD,2019,11.8,Europe
Norway,NOR,2019,11.8,Europe
Poland,POL,2019,11.3,Europe
Portugal,PRT,2019,11.5,Europe
Romania,ROU,2019,9.7,Europe
Serbia,SRB,2019,11.4,Europe
Slovakia,SVK,2019,12.1,Europe
Slovenia,SVN,2019,19.8,Europe
Spain,ESP,2019,7.7,Europe
Sweden,SWE,2019,14.7,Europe
Switzerland,CHE,2019,14.5,Europe
Ukraine,UKR,2019,21.6,Europe
United Kingdom,GBR,2019,7.9,Europe
Canada,CAN,2005,12.2,North America
Mexico,MEX,2005,4.1,North America
Costa Rica,CRI,2006,8.4,North America
Cuba,CUB,2006,12.7,North America
Dominican Republic,DOM,2006,4.7,North America
El Salvador,SLV,2006,6.6,North America
Guatemala,GTM,2006,10.7,North America
Haiti,HTI,2006,9.6,North America
Honduras,HND,2006,2.2,North America
Jamaica,JAM,2006,1.5,North America
Nicaragua,NIC,2006,4.6,North America
Panama,PAN,2006,5.7,North America
Trinidad and Tobago,TTO,2006,11.3,North America
Belize,BLZ,2007,5.2,North America
Canada,CAN,2007,11.5,North America
Costa Rica,CRI,2007,5.7,North America
Dominican Republic,DOM,2007,4.8,North America
El Salvador,SLV,2007,7.9,North America
Guatemala,GTM,2007,8.3,North America
Honduras,HND,2007,2.1,North America
Mexico,MEX,2007,4.1,North America
Nicaragua,NIC,2007,4.9,North America
Panama,PAN,2007,4.9,North America
Canada,CAN,2008,11.5,North America
Costa Rica,CRI,2008,5.5,North America
Dominican Republic,DOM,2008,4.8,North America
El Salvador,SLV,2008,6.8,North America
Guatemala,GTM,2008,8,North America
Haiti,HTI,2008,10.1,North America
Honduras,HND,2008,2.1,North America
Mexico,MEX,2008,4.4,North America
Nicaragua,NIC,2008,5.1,North America
Panama,PAN,2008,5.4,North America
Trinidad and Tobago,TTO,2008,13.7,North America
Canada,CAN,2009,12,North America
Costa Rica,CRI,2009,5.6,North America
Dominican Republic,DOM,2009,4.9,North America
El Salvador,SLV,2009,8.6,North America
Guatemala,GTM,2009,7.9,North America
Honduras,HND,2009,2,North America
Mexico,MEX,2009,4.6,North America
Nicaragua,NIC,2009,5,North America
Panama,PAN,2009,4.8,North America
Canada,CAN,2010,12.1,North America
Costa Rica,CRI,2010,6.9,North America
Dominican Republic,DOM,2010,4.7,North America
El Salvador,SLV,2010,6.1,North America
Guatemala,GTM,2010,7.3,North America
Haiti,HTI,2010,10.9,North America
Honduras,HND,2010,2,North America
Mexico,MEX,2010,4.5,North America
Nicaragua,NIC,2010,4.8,North America
Panama,PAN,2010,4.2,North America
Canada,CAN,2011,11.3,North America
Costa Rica,CRI,2011,6.9,North America
Dominican Republic,DOM,2011,4.9,North America
El Salvador,SLV,2011,8,North America
Guatemala,GTM,2011,6.6,North America
Haiti,HTI,2011,10.1,North America
Honduras,HND,2011,1.9,North America
Jamaica,JAM,2011,2.2,North America
Mexico,MEX,2011,5.2,North America
Nicaragua,NIC,2011,5.5,North America
Panama,PAN,2011,3.8,North America
Trinidad and Tobago,TTO,2011,9.9,North America
Canada,CAN,2012,11.8,North America
Costa Rica,CRI,2012,6.6,North America
Dominican Republic,DOM,2012,5.2,North America
El Salvador,SLV,2012,6.8,North America
Guatemala,GTM,2012,6.1,North America
Haiti,HTI,2012,10,North America
Honduras,HND,2012,3.3,North America
Mexico,MEX,2012,4.9,North America
Nicaragua,NIC,2012,4.4,North America
Panama,PAN,2012,3.6,North America
Canada,CAN,2013,12.1,North America
Costa Rica,CRI,2013,6.7,North America
Dominican Republic,DOM,2013,5.5,North America
El Salvador,SLV,2013,6.4,North America
Guatemala,GTM,2013,5.9,North America
Haiti,HTI,2013,9.9,North America
Honduras,HND,2013,3.2,North America
Jamaica,JAM,2013,2,North America
Mexico,MEX,2013,5.2,North America
Nicaragua,NIC,2013,5.3,North America
Panama,PAN,2013,3.4,North America
Trinidad and Tobago,TTO,2013,10.9,North America
Belize,BLZ,2014,6,North America
Canada,CAN,2014,12.7,North America
Costa Rica,CRI,2014,5.6,North America
Dominican Republic,DOM,2014,6.1,North America
El Salvador,SLV,2014,5.8,North America
Guatemala,GTM,2014,5.8,North America
Haiti,HTI,2014,10,North America
Honduras,HND,2014,3.4,North America
Jamaica,JAM,2014,2.2,North America
Mexico,MEX,2014,5.7,North America
Nicaragua,NIC,2014,4.5,North America
Panama,PAN,2014,4.1,North America
Canada,CAN,2015,13,North America
Costa Rica,CRI,2015,6.7,North America
Dominican Republic,DOM,2015,6.4,North America
El Salvador,SLV,2015,6.9,North America
Guatemala,GTM,2015,5.8,North America
Haiti,HTI,2015,10,North America
Honduras,HND,2015,4,North America
Mexico,MEX,2015,5.6,North America
Nicaragua,NIC,2015,4.2,North America
Panama,PAN,2015,2.9,North America
Canada,CAN,2016,11.9,North America
Costa Rica,CRI,2016,7.7,North America
Dominican Republic,DOM,2016,6.4,North America
El Salvador,SLV,2016,5.7,North America
Guatemala,GTM,2016,5.7,North America
Haiti,HTI,2016,9.8,North America
Honduras,HND,2016,2,North America
Mexico,MEX,2016,5.6,North America
Nicaragua,NIC,2016,4.4,North America
Panama,PAN,2016,3.3,North America
Canada,CAN,2017,13,North America
Costa Rica,CRI,2017,6.1,North America
Dominican Republic,DOM,2017,5.7,North America
El Salvador,SLV,2017,6.1,North America
Guatemala,GTM,2017,5.6,North America
Haiti,HTI,2017,9.7,North America
Honduras,HND,2017,2.1,North America
Jamaica,JAM,2017,2.3,North America
Mexico,MEX,2017,5.9,North America
Nicaragua,NIC,2017,4.4,North America
Panama,PAN,2017,3.2,North America
Trinidad and Tobago,TTO,2017,9.5,North America
Canada,CAN,2018,12,North America
Costa Rica,CRI,2018,7.2,North America
Dominican Republic,DOM,2018,5.2,North America
El Salvador,SLV,2018,6,North America
Guatemala,GTM,2018,6,North America
Haiti,HTI,2018,9.7,North America
Honduras,HND,2018,2,North America
Mexico,MEX,2018,5.4,North America
Nicaragua,NIC,2018,4.5,North America
Panama,PAN,2018,2.9,North America
Canada,CAN,2019,11.8,North America
Costa Rica,CRI,2019,8.1,North America
Dominican Republic,DOM,2019,4.9,North America
El Salvador,SLV,2019,6.1,North America
Guatemala,GTM,2019,5.9,North America
Honduras,HND,2019,2.1,North America
Jamaica,JAM,2019,2.4,North America
Mexico,MEX,2019,5.3,North America
Nicaragua,NIC,2019,4.4,North America
Panama,PAN,2019,2.9,North America
Australia,AUS,2005,11.2,Oceania
New Zealand,NZL,2006,13.1,Oceania
Australia,AUS,2007,10.9,Oceania
New Zealand,NZL,2007,12.3,Oceania
Australia,AUS,2008,11.6,Oceania
New Zealand,NZL,2008,12.4,Oceania
Australia,AUS,2010,11.7,Oceania
New Zealand,NZL,2010,12.6,Oceania
Australia,AUS,2011,11.2,Oceania
New Zealand,NZL,2011,11.4,Oceania
Australia,AUS,2012,11.7,Oceania
New Zealand,NZL,2012,12.7,Oceania
Australia,AUS,2013,11.5,Oceania
New Zealand,NZL,2013,12.2,Oceania
Australia,AUS,2014,12.7,Oceania
New Zealand,NZL,2014,11.3,Oceania
Australia,AUS,2015,13.2,Oceania
New Zealand,NZL,2015,11.7,Oceania
Australia,AUS,2016,12.2,Oceania
New Zealand,NZL,2016,12.2,Oceania
Australia,AUS,2017,13.1,Oceania
New Zealand,NZL,2017,12.7,Oceania
Australia,AUS,2018,12.4,Oceania
New Zealand,NZL,2018,11.4,Oceania
Australia,AUS,2019,12.5,Oceania
New Zealand,NZL,2019,11,Oceania
Brazil,BRA,2005,4.7,South America
Venezuela,VEN,2005,4.4,South America
Argentina,ARG,2006,8.6,South America
Bolivia,BOL,2006,5.9,South America
Chile,CHL,2006,10,South America
Colombia,COL,2006,4.1,South America
Ecuador,ECU,2006,10,South America
Paraguay,PRY,2006,4.2,South America
Peru,PER,2006,2.7,South America
Uruguay,URY,2006,15.5,South America
Venezuela,VEN,2006,3.9,South America
Argentina,ARG,2007,8.3,South America
Bolivia,BOL,2007,6.1,South America
Brazil,BRA,2007,4.9,South America
Chile,CHL,2007,11,South America
Colombia,COL,2007,4.1,South America
Ecuador,ECU,2007,10.2,South America
Guyana,GUY,2007,30.9,South America
Paraguay,PRY,2007,3.8,South America
Peru,PER,2007,2.6,South America
Uruguay,URY,2007,17.4,South America
Argentina,ARG,2008,8.7,South America
Bolivia,BOL,2008,6,South America
Brazil,BRA,2008,5.1,South America
Chile,CHL,2008,12.2,South America
Colombia,COL,2008,4.2,South America
Ecuador,ECU,2008,10.5,South America
Paraguay,PRY,2008,3.6,South America
Peru,PER,2008,2.7,South America
Uruguay,URY,2008,15.1,South America
Venezuela,VEN,2008,3.5,South America
Argentina,ARG,2009,8.4,South America
Bolivia,BOL,2009,6,South America
Brazil,BRA,2009,5.1,South America
Chile,CHL,2009,12.7,South America
Colombia,COL,2009,4.1,South America
Ecuador,ECU,2009,10.5,South America
Paraguay,PRY,2009,4.4,South America
Peru,PER,2009,3.3,South America
Uruguay,URY,2009,15,South America
Venezuela,VEN,2009,3.2,South America
Argentina,ARG,2010,8.6,South America
Bolivia,BOL,2010,6,South America
Brazil,BRA,2010,5,South America
Chile,CHL,2010,11.6,South America
Colombia,COL,2010,3.8,South America
Ecuador,ECU,2010,9.9,South America
Paraguay,PRY,2010,3.5,South America
Peru,PER,2010,3.5,South America
Uruguay,URY,2010,16,South America
Venezuela,VEN,2010,3.4,South America
Argentina,ARG,2011,8.5,South America
Bolivia,BOL,2011,6.1,South America
Brazil,BRA,2011,5.2,South America
Chile,CHL,2011,11.7,South America
Colombia,COL,2011,3.7,South America
Ecuador,ECU,2011,9.8,South America
Paraguay,PRY,2011,4.6,South America
Peru,PER,2011,3.3,South America
Uruguay,URY,2011,16.8,South America
Venezuela,VEN,2011,3.6,South America
Argentina,ARG,2012,9.1,South America
Bolivia,BOL,2012,6,South America
Brazil,BRA,2012,5.4,South America
Chile,CHL,2012,10.5,South America
Colombia,COL,2012,3.8,South America
Ecuador,ECU,2012,10.1,South America
Paraguay,PRY,2012,4.6,South America
Peru,PER,2012,3.2,South America
Suriname,SUR,2012,25.2,South America
Uruguay,URY,2012,17.8,South America
Venezuela,VEN,2012,3.2,South America
Argentina,ARG,2013,8.6,South America
Bolivia,BOL,2013,6,South America
Brazil,BRA,2013,5.6,South America
Chile,CHL,2013,9.8,South America
Colombia,COL,2013,3.7,South America
Ecuador,ECU,2013,9.6,South America
Paraguay,PRY,2013,4.9,South America
Peru,PER,2013,3.1,South America
Uruguay,URY,2013,15.8,South America
Venezuela,VEN,2013,2.5,South America
Argentina,ARG,2014,9.3,South America
Bolivia,BOL,2014,6.2,South America
Brazil,BRA,2014,5.6,South America
Chile,CHL,2014,9.9,South America
Colombia,COL,2014,3.8,South America
Ecuador,ECU,2014,8.8,South America
Paraguay,PRY,2014,5.9,South America
Peru,PER,2014,2.9,South America
Uruguay,URY,2014,17.4,South America
Venezuela,VEN,2014,2.1,South America
Argentina,ARG,2015,8.3,South America
Bolivia,BOL,2015,6.4,South America
Brazil,BRA,2015,5.9,South America
Chile,CHL,2015,10,South America
Colombia,COL,2015,4.1,South America
Ecuador,ECU,2015,8.8,South America
Paraguay,PRY,2015,5.7,South America
Peru,PER,2015,2.7,South America
Uruguay,URY,2015,18.6,South America
Venezuela,VEN,2015,2.3,South America
Argentina,ARG,2016,8.3,South America
Bolivia,BOL,2016,6.6,South America
Brazil,BRA,2016,6,South America
Chile,CHL,2016,10,South America
Colombia,COL,2016,4.2,South America
Ecuador,ECU,2016,9,South America
Paraguay,PRY,2016,5.3,South America
Peru,PER,2016,2.6,South America
Uruguay,URY,2016,21.1,South America
Venezuela,VEN,2016,2.2,South America
Argentina,ARG,2017,8.9,South America
Bolivia,BOL,2017,6.4,South America
Brazil,BRA,2017,6.6,South America
Chile,CHL,2017,9.3,South America
Colombia,COL,2017,4.7,South America
Ecuador,ECU,2017,9.2,South America
Paraguay,PRY,2017,6.1,South America
Peru,PER,2017,2.7,South America
Uruguay,URY,2017,20.8,South America
Venezuela,VEN,2017,2.2,South America
Argentina,ARG,2018,9.2,South America
Bolivia,BOL,2018,6.3,South America
Brazil,BRA,2018,7,South America
Chile,CHL,2018,8.8,South America
Colombia,COL,2018,4,South America
Ecuador,ECU,2018,8.1,South America
Peru,PER,2018,2.8,South America
Uruguay,URY,2018,21.2,South America
Venezuela,VEN,2018,2.2,South America
Argentina,ARG,2019,8.4,South America
Bolivia,BOL,2019,6.2,South America
Brazil,BRA,2019,6.9,South America
Chile,CHL,2019,9,South America
Colombia,COL,2019,3.9,South America
Ecuador,ECU,2019,7.6,South America
Paraguay,PRY,2019,6,South America
Peru,PER,2019,2.8,South America
Uruguay,URY,2019,21.2,South America
Venezuela,VEN,2019,2.1,South America